Peer IP,Direction,Destination Port
152.67.141.210,Sent,17472
20.189.173.15,Sent,443
172.66.0.26,Sent,443
142.251.29.94,Sent,443
13.89.179.14,Sent,443
13.79.163.91,Sent,443
52.149.20.212,Sent,443
84.201.209.69,Sent,80
2.22.98.7,Sent,80
20.42.73.27,Sent,443
162.159.140.26,Sent,443
20.42.65.85,Sent,443
20.189.173.10,Sent,443
199.232.58.172,Sent,80
52.183.220.149,Sent,443
20.42.65.90,Sent,443
20.189.173.2,Sent,443
213.106.14.40,Sent,80
20.189.173.16,Sent,443
51.105.71.137,Sent,443
20.72.205.209,Sent,443
20.189.173.13,Sent,443
213.106.14.35,Sent,80
20.42.73.24,Sent,443
52.168.112.66,Sent,443
216.58.212.195,Sent,443
104.46.162.226,Sent,443
84.201.209.75,Sent,80
13.69.239.72,Sent,443
185.160.60.100,Sent,80
40.79.173.41,Sent,443
51.11.168.232,Sent,443
20.50.73.13,Sent,443
51.132.193.104,Sent,443
13.69.116.109,Sent,443
13.89.179.10,Sent,443
199.232.54.172,Sent,80
20.189.173.9,Sent,443
52.191.219.104,Sent,443
13.78.111.199,Sent,443
104.208.16.90,Sent,443
20.50.80.213,Sent,443
20.189.173.8,Sent,443
84.201.209.98,Sent,80
20.189.173.12,Sent,443
52.182.143.208,Sent,443
20.50.73.11,Sent,443
20.42.73.31,Sent,443
52.185.211.133,Sent,443
104.208.16.95,Sent,443
40.119.249.228,Sent,443
13.89.179.11,Sent,443
20.189.173.28,Sent,443
142.250.180.3,Sent,443
52.167.17.97,Sent,443
20.42.72.131,Sent,443
151.101.190.172,Sent,80
20.189.173.11,Sent,443
51.132.193.105,Sent,443
20.189.173.3,Sent,443
40.79.173.40,Sent,443
104.208.16.88,Sent,443
13.69.239.73,Sent,443
213.106.14.88,Sent,80
20.189.173.24,Sent,443
142.250.140.94,Sent,443
20.189.173.25,Sent,443
20.189.173.7,Sent,443
52.182.141.63,Sent,443
52.168.117.171,Sent,443
20.189.173.1,Sent,443
213.106.14.25,Sent,80
20.189.173.23,Sent,443
40.79.189.58,Sent,443
62.252.188.193,Sent,80
20.106.86.13,Sent,443
20.12.23.50,Sent,443
84.201.209.102,Sent,80
142.250.200.3,Sent,443
13.69.116.104,Sent,443
104.208.16.89,Sent,443
84.201.209.101,Sent,80
20.165.94.63,Sent,443
20.44.10.123,Sent,443
20.190.160.130,Sent,443
52.168.117.170,Sent,443
52.178.17.3,Sent,443
52.182.143.214,Sent,443
84.201.209.103,Sent,80
20.42.73.25,Sent,443
84.201.209.73,Sent,80
216.58.213.3,Sent,443
51.104.15.253,Sent,443
13.70.79.200,Sent,443
20.42.65.88,Sent,443
20.50.201.201,Sent,443
20.42.65.84,Sent,443
20.189.173.27,Sent,443
20.190.160.66,Sent,443
52.137.106.217,Sent,443
51.116.253.169,Sent,443
142.250.151.94,Sent,443
84.201.209.105,Sent,80
20.189.173.14,Sent,443
52.178.17.235,Sent,443
20.44.10.122,Sent,443
213.106.14.24,Sent,80
104.78.173.167,Sent,80
13.89.179.8,Sent,443
20.189.173.4,Sent,443
20.42.65.93,Sent,443
51.11.192.50,Sent,443
13.89.178.27,Sent,443
20.109.210.53,Sent,443
84.201.209.71,Sent,80
20.44.239.154,Sent,443
51.116.246.105,Sent,443
142.250.200.35,Sent,443
52.178.17.233,Sent,443
52.182.143.213,Sent,443
84.201.209.67,Sent,80
52.182.143.215,Sent,443
20.42.73.30,Sent,443
52.182.143.210,Sent,443
84.201.209.70,Sent,80
51.104.15.252,Sent,443
104.208.16.92,Sent,443
52.168.117.169,Sent,443
20.189.173.26,Sent,443
52.182.143.209,Sent,443
20.49.150.241,Sent,443
20.42.65.89,Sent,443
62.252.115.10,Sent,80
54.241.183.232,Sent,443
54.67.108.17,Sent,443
13.89.179.13,Sent,443
74.178.76.128,Sent,443
